x,G,A,V,L,I,M,P,C,F,Y,W,N,Q,S,T,D,E,R,H,K,Z
G,0.5,0.5,0.5,0.5,0.5,0.5,0.5,1,1,1,1,1,1,1,1,1,1,1,1,1,1
A,0.5,0.5,0.5,0.5,0.5,0.5,0.5,1,1,1,1,1,1,1,1,1,1,1,1,1,1
V,0.5,0.5,0.5,0.5,0.5,0.5,0.5,1,1,1,1,1,1,1,1,1,1,1,1,1,1
L,0.5,0.5,0.5,0.5,0.5,0.5,0.5,1,1,1,1,1,1,1,1,1,1,1,1,1,1
I,0.5,0.5,0.5,0.5,0.5,0.5,0.5,1,1,1,1,1,1,1,1,1,1,1,1,1,1
M,0.5,0.5,0.5,0.5,0.5,0.5,0.5,1,1,1,1,1,1,1,1,1,1,1,1,1,1
P,0.5,0.5,0.5,0.5,0.5,0.5,0.5,1,1,1,1,1,1,1,1,1,1,1,1,1,1
C,1,1,1,1,1,1,1,0.5,1,1,1,1,1,1,1,1,1,1,1,1,1
F,1,1,1,1,1,1,1,1,0.5,0.5,0.5,1,1,1,1,1,1,1,1,1,1
Y,1,1,1,1,1,1,1,1,0.5,0.5,0.5,1,1,1,1,1,1,1,1,1,1
W,1,1,1,1,1,1,1,1,0.5,0.5,0.5,1,1,1,1,1,1,1,1,1,1
N,1,1,1,1,1,1,1,1,1,1,1,0.5,0.5,0.5,0.5,1,1,1,1,1,1
Q,1,1,1,1,1,1,1,1,1,1,1,0.5,0.5,0.5,0.5,1,1,1,1,1,1
S,1,1,1,1,1,1,1,1,1,1,1,0.5,0.5,0.5,0.5,1,1,1,1,1,1
T,1,1,1,1,1,1,1,1,1,1,1,0.5,0.5,0.5,0.5,1,1,1,1,1,1
D,1,1,1,1,1,1,1,1,1,1,1,1,1,1,1,0.5,0.5,1,1,1,1
E,1,1,1,1,1,1,1,1,1,1,1,1,1,1,1,0.5,0.5,1,1,1,1
R,1,1,1,1,1,1,1,1,1,1,1,1,1,1,1,1,1,0.5,0.5,0.5,1
H,1,1,1,1,1,1,1,1,1,1,1,1,1,1,1,1,1,0.5,0.5,0.5,1
K,1,1,1,1,1,1,1,1,1,1,1,1,1,1,1,1,1,0.5,0.5,0.5,1
Z,1,1,1,1,1,1,1,1,1,1,1,1,1,1,1,1,1,1,1,1,0.5